TARGET_ID	PEPT_SEQ	ALLELE
1A1M	TPYDINQML	HLA-B*5301
1A1N	VPLRPMTY	HLA-B*3542;HLA-B*3501
1A1O	KPIVQYDNF	HLA-B*5301
1A9B	LPPLDITPY	HLA-B*3542;HLA-B*3501
1A9E	LPPLDITPY	HLA-B*3542;HLA-B*3501
1AGB	GGRKKYKL	HLA-B*0801
1AGC	GGKKKYQL	HLA-B*0801
1AGD	GGKKKYKL	HLA-B*0801
1AGE	GGKKKYRL	HLA-B*0801
1AGF	GGKKRYKL	HLA-B*0801
1AKJ	ILKEPVHGV	HLA-A*0201
1AO7	LLFGYPVYV	HLA-A*9232;HLA-A*0289;HLA-A*0201;HLA-A*0296;HLA-A*0266;HLA-A*0297;HLA-A*9221;HLA-A*9240;HLA-A*9234;HLA-A*0275;HLA-A*9299;HLA-A*0209
1B0G	ALWGFFPVL	HLA-A*0201
1BD2	LLFGYPVYV	HLA-A*0201
1BII	RGPGRAFVTI	H2-D1*02
1BQH	RGYVYQGL	MH1-K1b
1BZ9	FAPGVFPYM	H2-D1b
1CE6	FAPGNYPAL	H2-D1b
1CG9	LPPLDITPY	HLA-B*3542;HLA-B*3501
1DDH	RGPGRAFVTI	H2-D1*02
1DUY	LFGYPVYV	HLA-A*0296;HLA-A*9221;HLA-A*0201
1DUZ	LLFGYPVYV	HLA-A*0296;HLA-A*9221;HLA-A*0201
1E27	LPPVVAKEI	HLA-B*5101
1E28	TAFTIPSI	HLA-B*5101
1ED3	ILFPSSERLISNR	RT1-A
1EEY	ILSALVGIV	HLA-A*0296;HLA-A*9221;HLA-A*0201
1EEZ	ILSALVGIL	HLA-A*0296;HLA-A*9221;HLA-A*0201
1EFX	GAVDPLLAL	HLA-C*0304;HLA-C*0303
1FFN	KAVYNFATM	H2-D1b
1FFO	AAVYNFATM	H2-D1b
1FFP	SAVYNFATM	H2-D1b
1FG2	KAVYNFATC	H2-D1b
1FO0	INFDFNTI	MH1-K1b
1FZJ	RGYVYQGL	MH1-K1b
1FZK	FAPGNYPAL	MH1-K1b
1FZM	RGYVYQGL	MH1-K1b
1FZO	FAPGNYPAL	MH1-K1b
1G6R	SIYRYYGL	MH1-K1b
1G7P	SRDHSRTPM	MH1-K1b
1G7Q	SAPDTRPA	MH1-K1b
1HHG	TLTSCNTSV	HLA-A*0201
1HHH	FLPSDFFPSV	HLA-A*0201
1HHI	GILGFVFTL	HLA-A*0201
1HHJ	ILKEPVHGV	HLA-A*0201
1HHK	LLFGYPVYV	HLA-A*0201
1HOC	ASNENMETM	H2-D1b
1HSA	ARAAAAAAA	HLA-B*2713;HLA-B*2705
1I1F	FLKEPVHGV	HLA-A*0201
1I1Y	YLKEPVHGV	HLA-A*0296;HLA-A*9221;HLA-A*0201
1I4F	GVYDGREHTV	HLA-A*9232;HLA-A*0289;HLA-A*0201;HLA-A*0296;HLA-A*0266;HLA-A*0297;HLA-A*9221;HLA-A*9240;HLA-A*9234;HLA-A*0275;HLA-A*9299;HLA-A*0209
1I7R	FAPGFFPYL	HLA-A*0296;HLA-A*9221;HLA-A*0201
1I7T	ALWGVFPVL	HLA-A*0201
1I7U	ALWGFVPVL	HLA-A*0296;HLA-A*9221;HLA-A*0201
1IM3	LLFGYPVYV	HLA-A*0296;HLA-A*9221;HLA-A*0201
1IM9	QYDDAVYKL	HLA-C*0401;HLA-C*0430;HLA-C*0433
1INQ	SSVVGVWYL	H2-D1b
1JF1	ELAGIGILTV	HLA-A*0296;HLA-A*9221;HLA-A*0201
1JGD	RRLLRGHNQY	HLA-B*2709
1JGE	GRFAAAIAK	HLA-B*2713;HLA-B*2705
1JHT	ALGIGILTV	HLA-A*0296;HLA-A*9221;HLA-A*0201
1JPF	SGVENPGGYCL	H2-D1b
1JPG	FQPQNGQFI	H2-D1b
1JTR	EQYKFYSV	MH1-K1b
1JUF	SSVIGVWYL	H2-D1b
1K5N	GRFAAAIAK	HLA-B*2709
1K8D	ILMEHIHKL	H2-Q7*01
1KJ2	KVITFIDL	MH1-K1b
1KJ3	KVITFIDL	MH1-K1b
1KJM	AQFSASASR	RT1-A
1KJV	NPRAMQALL	RT1-A
1KPR	VMAPRTVLL	HLA-E*0103
1KPU	RGYVYQGL	MH1-K1b
1KPV	FAPGNYPAL	MH1-K1b
1KTL	VTAPRTLLL	HLA-E*0103
1L6Q	LYLVCGERG	MH1-K1*02
1LD9	YPNVNIHNF	H2-Ld-2
1LEG	EQYKFYSV	MH1-K1b
1LEK	EQYKFYSV	MH1-K1b
1LK2	GNYSFYAL	MH1-K1b
1LP9	ALWGFFPVL	HLA-A*0201
1M05	FLRGRAYGL	HLA-B*0801
1M6O	EEFGRAFSF	HLA-B*4402
1MHE	VMAPRTVLL	HLA-E*0101
1MI5	FLRGRAYGL	HLA-B*0818;HLA-B*0839;HLA-B*0801
1MWA	EQYKFYSV	MH1-K1b
1N2R	EEFGRAFSF	HLA-B*4403
1N3N	SALQNAASIA	H2-D1b
1N59	AVYNFATM	MH1-K1b
1N5A	KAVYNFATM	H2-D1b
1NAM	RGYVYQGL	MH1-K1b
1NAN	INFDFNTI	MH1-K1b
1OF2	RRKWRRWHL	HLA-B*2709
1OGA	GILGFVFTL	HLA-A*0201
1OGT	RRKWRRWHL	HLA-B*2713;HLA-B*2705
1OSZ	RGYLYQGL	MH1-K1b
1P1Z	SIINFEKL	MH1-K1b
1P4L	SIINFEKL	MH1-K1b
1P7Q	ILKEPVHGV	HLA-A*0201
1Q94	AIFQSSMTK	HLA-A*1101
1QEW	FLWGPRALV	HLA-A*0296;HLA-A*9221;HLA-A*0201
1QLF	FAPSNYPAL	H2-D1b
1QQD	QYDDAVYKL	HLA-C*0401;HLA-C*0430;HLA-C*0433
1QR1	IISAVVGIL	HLA-A*0296;HLA-A*9221;HLA-A*0201
1QRN	LLFGYAVYV	HLA-A*9232;HLA-A*0289;HLA-A*0201;HLA-A*0296;HLA-A*0266;HLA-A*0297;HLA-A*9221;HLA-A*9240;HLA-A*9234;HLA-A*0275;HLA-A*9299;HLA-A*0209
1QSE	LLFGYPRYV	HLA-A*0201
1QSF	LLFGYPVAV	HLA-A*9232;HLA-A*0289;HLA-A*0201;HLA-A*0296;HLA-A*0266;HLA-A*0297;HLA-A*9221;HLA-A*9240;HLA-A*9234;HLA-A*0275;HLA-A*9299;HLA-A*0209
1QVO	QVPLRPMTYK	HLA-A*1101
1RJY	SSIEFARL	MH1-K1b
1RJZ	SEIEFARL	MH1-K1b
1RK0	SSIEFARL	MH1-K1b
1RK1	SEIEFARL	MH1-K1b
1S7Q	AVYNFATM	MH1-K1b
1S7R	KAVYNLATM	MH1-K1b
1S7S	ALYNFATM	MH1-K1b
1S7T	AVFNFATM	MH1-K1b
1S7U	KAVYNFATM	H2-D1b
1S7V	KAVYNLATM	H2-D1b
1S7W	KALYNFATM	H2-D1b
1S7X	KAVFNFATM	H2-D1b
1S8D	SLANTVATL	HLA-A*0296;HLA-A*9221;HLA-A*0201
1S9W	SLLMWITQC	HLA-A*0296;HLA-A*9221;HLA-A*0201
1S9X	SLLMWITQA	HLA-A*0296;HLA-A*9221;HLA-A*0201
1S9Y	SLLMWITQS	HLA-A*0296;HLA-A*9221;HLA-A*0201
1SYS	EEPTVIKKY	HLA-B*4403
1SYV	EEFGRAFSF	HLA-B*4405
1T0M	SSIEFARL	MH1-K1b
1T0N	SSIEFARL	MH1-K1b
1T1W	SLFNTIAVL	HLA-A*0296;HLA-A*9221;HLA-A*0201
1T1X	SLYLTVATL	HLA-A*0296;HLA-A*9221;HLA-A*0201
1T1Y	SLYNVVATL	HLA-A*0296;HLA-A*9221;HLA-A*0201
1T1Z	ALYNTAAAL	HLA-A*0296;HLA-A*9221;HLA-A*0201
1T20	SLYNTIATL	HLA-A*0296;HLA-A*9221;HLA-A*0201
1T21	SLYNTVATL	HLA-A*0296;HLA-A*9221;HLA-A*0201
1T22	SLYNTVATL	HLA-A*0296;HLA-A*9221;HLA-A*0201
1TVB	ITDQVPFSV	HLA-A*9232;HLA-A*0289;HLA-A*0201;HLA-A*0296;HLA-A*0266;HLA-A*0297;HLA-A*9221;HLA-A*9240;HLA-A*9234;HLA-A*0275;HLA-A*9299;HLA-A*0209
1TVH	IMDQVPFSV	HLA-A*9232;HLA-A*0289;HLA-A*0201;HLA-A*0296;HLA-A*0266;HLA-A*0297;HLA-A*9221;HLA-A*9240;HLA-A*9234;HLA-A*0275;HLA-A*9299;HLA-A*0209
1UXS	RRRWRRLTV	HLA-B*2713;HLA-B*2705
1UXW	RRRWRRLTV	HLA-B*2709
1VAC	SIINFEKL	MH1-K1b
1VAD	SRDHSRTPM	MH1-K1b
1VGK	SYVNTNMGL	MH1-K1*02
1W0V	RRLPIFSRL	HLA-B*2713;HLA-B*2705
1W0W	RRLPIFSRL	HLA-B*2709
1W72	EADPTGHSY	HLA-A*0137;HLA-A*0132;HLA-A*0145;HLA-A*0101
1WBX	SQLKNNAKEI	H2-D1b
1WBY	SSLENFRAYV	H2-D1b
1WBZ	SSYRRPVGI	MH1-K1b
1X7Q	KTFPPTEPK	HLA-A*1112;HLA-A*1132;HLA-A*1101
1XH3	LPAVVGLSPGEQEY	HLA-B*3542;HLA-B*3501
1XR9	ILGPPGSVY	HLA-B*1501
1YDP	RIIPRHLQL	HLA-G*0104
1YN6	SSLENFRAYV	H2-D1b
1YN7	SSLENFAAYV	H2-D1b
1ZHB	KALYNYAPI	H2-D1b
1ZHK	LPEPLPQGQLTAY	HLA-B*3542;HLA-B*3501
1ZHL	LPEPLPQGQLTAY	HLA-B*3508
1ZSD	EPLPQGQLTAY	HLA-B*3542;HLA-B*3501
1ZT1	FEANGNLI	MH1-K1k
1ZT7	SEFLLEKRI	MH1-K1k
1ZVS	TTPESANL	MH1-A*01
2A83	RRRWHRWRL	HLA-B*2713;HLA-B*2705
2AK4	LPEPLPQGQLTAY	HLA-B*3508
2AV1	LLFGYPVYV	HLA-A*0220;HLA-A*9232;HLA-A*0289;HLA-A*0201;HLA-A*0296;HLA-A*0266;HLA-A*0297;HLA-A*9221;HLA-A*9240;HLA-A*9234;HLA-A*0229;HLA-A*0275;HLA-A*0209
2AV7	LLFGYPVYV	HLA-A*0220;HLA-A*9232;HLA-A*0289;HLA-A*0201;HLA-A*0296;HLA-A*0266;HLA-A*0297;HLA-A*9221;HLA-A*9240;HLA-A*9234;HLA-A*0229;HLA-A*0275;HLA-A*9299;HLA-A*0209
2AXF	APQPAPENAY	HLA-B*3508
2AXG	APQPAPENAY	HLA-B*3542;HLA-B*3501
2BCK	VYGFVRACL	HLA-A*2402
2BNQ	SLLMWITQV	HLA-A*0296;HLA-A*9221;HLA-A*0201
2BNR	SLLMWITQC	HLA-A*0296;HLA-A*9221;HLA-A*0201
2BSR	RRIYDLIEL	HLA-B*2713;HLA-B*2705
2BSS	KRWIILGLNK	HLA-B*2713;HLA-B*2705
2BST	SRYWAIRTR	HLA-B*2713;HLA-B*2705
2BVO	KAFSPEVIPMF	HLA-B*5703
2BVP	ISPRTLDAW	HLA-B*5703
2BVQ	KAFSPEVIP	HLA-B*5703
2C7U	SLFNTIAVL	HLA-A*0296;HLA-A*9221;HLA-A*0201
2CIK	KPIVVLHGY	HLA-B*3542;HLA-B*3501
2CKB	EQYKFYSV	MH1-K1b
2CLR	MLLSVPLLLG	HLA-A*0201
2CLV	SQYYYNSL	MH1-K1b
2CLZ	INFDFNTI	MH1-K1b
2D31	RIIPRHLQL	HLA-G*0101
2DYP	RIIPRHLQL	HLA-G*0101
2ESV	VMAPRTLIL	HLA-E*0101
2F53	SLLMWITQC	HLA-A*0201
2F54	SLLMWITQC	HLA-A*0296;HLA-A*9221;HLA-A*0201
2F74	KAVYNFATM	H2-D1b
2FO4	SAPDFRPL	MH1-K1b
2FWO	TYQRTRALV	MH1-K1*02
2FZ3	HPVGEADYFEY	HLA-B*3508
2GIT	LLFGKPVYV	HLA-A*0296;HLA-A*9221;HLA-A*0201
2GJ6	LLFGKPVYV	HLA-A*9232;HLA-A*0289;HLA-A*0201;HLA-A*0296;HLA-A*0266;HLA-A*0297;HLA-A*9221;HLA-A*9240;HLA-A*9234;HLA-A*0275;HLA-A*9299;HLA-A*0209
2GT9	EAAGIGILTV	HLA-A*0296;HLA-A*9221;HLA-A*0201
2GTZ	ALGIGILTV	HLA-A*9232;HLA-A*0289;HLA-A*0201;HLA-A*0296;HLA-A*0266;HLA-A*0297;HLA-A*9221;HLA-A*9240;HLA-A*9234;HLA-A*0275;HLA-A*9299;HLA-A*0209
2GUO	AAGIGILTV	HLA-A*9232;HLA-A*0289;HLA-A*0201;HLA-A*0296;HLA-A*0266;HLA-A*0297;HLA-A*9221;HLA-A*9240;HLA-A*9234;HLA-A*0275;HLA-A*9299;HLA-A*0209
2H6P	KPIVVLHGY	HLA-B*3542;HLA-B*3501
2HJK	KGFNPEVIPMF	HLA-B*5706
2HJL	KAFNPEIIPMF	HLA-B*5706
2HN7	AIMPARFYPK	HLA-A*1101
2J8U	ALWGFFPVL	HLA-A*0201
2JCC	ALWGFFPVL	HLA-A*0201
2MHA	RGYVYQGL	MH1-K1b
2NW3	EPLPQGQLTAY	HLA-B*3508
2NX5	EPLPQGQLTAY	HLA-B*3542;HLA-B*3501
2OL3	SQYYYNSL	MH1-K1b
2P5E	SLLMWITQC	HLA-A*9232;HLA-A*0289;HLA-A*0201;HLA-A*0296;HLA-A*0266;HLA-A*0297;HLA-A*9221;HLA-A*9240;HLA-A*9234;HLA-A*0275;HLA-A*9299;HLA-A*0209
2P5W	SLLMWITQC	HLA-A*9232;HLA-A*0289;HLA-A*0201;HLA-A*0296;HLA-A*0266;HLA-A*0297;HLA-A*9221;HLA-A*9240;HLA-A*9234;HLA-A*0275;HLA-A*9299;HLA-A*0209
2PYE	SLLMWITQC	HLA-A*9232;HLA-A*0289;HLA-A*0201;HLA-A*0296;HLA-A*0266;HLA-A*0297;HLA-A*9221;HLA-A*9240;HLA-A*9234;HLA-A*0275;HLA-A*9299;HLA-A*0209
2RFX	LSSPVTKSF	HLA-B*5701
2UWE	ALWGFFPVL	HLA-A*0201
2V2W	SLYNTVATL	HLA-A*0201
2V2X	SLFNTVATL	HLA-A*0201
2VAA	RGYVYQGL	MH1-K1b
2VAB	FAPGNYPAL	MH1-K1b
2VLJ	GILGFVFTL	HLA-A*9232;HLA-A*0289;HLA-A*0201;HLA-A*0296;HLA-A*0266;HLA-A*0297;HLA-A*9221;HLA-A*9240;HLA-A*9234;HLA-A*0275;HLA-A*9299;HLA-A*0209
2VLK	GILGFVFTL	HLA-A*9232;HLA-A*0289;HLA-A*0201;HLA-A*0296;HLA-A*0266;HLA-A*0297;HLA-A*9221;HLA-A*9240;HLA-A*9234;HLA-A*0275;HLA-A*9299;HLA-A*0209
2VLL	GILGFVFTL	HLA-A*0201
2VLR	GILGFVFTL	HLA-A*9232;HLA-A*0289;HLA-A*0201;HLA-A*0296;HLA-A*0266;HLA-A*0297;HLA-A*9221;HLA-A*9240;HLA-A*9234;HLA-A*0275;HLA-A*9299;HLA-A*0209
2X4O	KLTPLCVTL	HLA-A*9232;HLA-A*0289;HLA-A*0201;HLA-A*0296;HLA-A*0266;HLA-A*0297;HLA-A*9221;HLA-A*9240;HLA-A*9234;HLA-A*0275;HLA-A*9299;HLA-A*0209
2X4R	NLVPMVATV	HLA-A*9232;HLA-A*0289;HLA-A*0201;HLA-A*0296;HLA-A*0266;HLA-A*0297;HLA-A*9221;HLA-A*9240;HLA-A*9234;HLA-A*0275;HLA-A*9299;HLA-A*0209
2X4S	AMDSNTLEL	HLA-A*9232;HLA-A*0289;HLA-A*0201;HLA-A*0296;HLA-A*0266;HLA-A*0297;HLA-A*9221;HLA-A*9240;HLA-A*9234;HLA-A*0275;HLA-A*9299;HLA-A*0209
2X4U	ILKEPVHGV	HLA-A*9232;HLA-A*0289;HLA-A*0201;HLA-A*0296;HLA-A*0266;HLA-A*0297;HLA-A*9221;HLA-A*9240;HLA-A*9234;HLA-A*0275;HLA-A*9299;HLA-A*0209
2XFX	VGYPKVKEEML	MH1-N*01301
2XPG	KLIETYFSK	HLA-A*0301
2YEZ	TNPESKVFYL	MH1-B*2101
2YF1	GRAEEYGADTL	MH1-B*2101
2YF5	TAGQSNYDRL	MH1-B*2101
2YF6	TAGQEDYDRL	MH1-B*2101
2YPK	KAFSPEVIPMF	HLA-B*5701
2YPL	KAFSPEVIPMF	HLA-B*5706
3AM8	VMGPRTLIL	HLA-E*0101
3BEV	GHAEEYGAETL	MH1-B*2101
3BEW	REVDEQLLSV	MH1-B*2101
3BGM	RQASLSISV	HLA-A*0296;HLA-A*9221;HLA-A*0201
3BH8	RQASIELPSM	HLA-A*0296;HLA-A*9221;HLA-A*0201
3BH9	RTYSGPMNKV	HLA-A*0296;HLA-A*9221;HLA-A*0201
3BHB	KMDSFLDMQL	HLA-A*0296;HLA-A*9221;HLA-A*0201
3BO8	EADPTGHSY	HLA-A*0101
3BP4	IRAAPPPLF	HLA-B*2713;HLA-B*2705
3BP7	IRAAPPPLF	HLA-B*2709
3BUY	LSLRNPILV	H2-D1b
3BVN	RRRWRRLTV	HLA-B*1402
3BW9	CPSQEPMSIYVY	HLA-B*3508
3BWA	FPTKDVAL	HLA-B*3508
3BXN	IRAAPPPLF	HLA-B*1402
3BZE	VMAPRTLFL	HLA-E*0101
3BZF	VMAPRALLL	HLA-E*0101
3C8K	SIINFEKL	MH1-K1b
3C9N	VQQESSFVM	HLA-B*1501
3CC5	KVPRNQDWL	H2-D1b
3CCH	EGSRNQDWL	H2-D1b
3CDG	VMAPRTLFL	HLA-E*0101
3CH1	EGPRNQDWL	H2-D1b
3CII	VMAPRTLFL	HLA-E*0101
3CPL	ASNENAETM	H2-D1b
3CVH	SIINFEKL	MH1-K1b
3CZF	RRRWHRWRL	HLA-B*2709
3D18	RRRWRRLTL	HLA-B*2709
3D25	VLHDDLLEA	HLA-A*0296;HLA-A*9221;HLA-A*0201
3D3V	LLFGFPVYV	HLA-A*9232;HLA-A*0289;HLA-A*0201;HLA-A*0296;HLA-A*0266;HLA-A*0297;HLA-A*9221;HLA-A*9240;HLA-A*9234;HLA-A*0275;HLA-A*9299;HLA-A*0209
3DMM	RGPGRAFVTI	H2-D1*02
3DX6	EENLLDFVRF	HLA-B*4402
3DX7	EENLLDFVRF	HLA-B*4403
3DX8	EENLLDFVRF	HLA-B*4405
3DXA	EENLLDFVRF	HLA-B*4405
3E6F	IGPGRAFYA	H2-D1*02
3E6H	IGPGRAFYTI	H2-D1*02
3ECB	RGPGRAFVTI	H2-D1*02
3FFC	FLRGRAYGL	HLA-B*0818;HLA-B*0839;HLA-B*0801
3FOL	VNDIFERI	MH1-K1w28
3FOM	IQQSIERI	MH1-K1w28
3FON	VNDIFEAI	MH1-K1w28
3FQN	YLDSHSGA	HLA-A*9232;HLA-A*0289;HLA-A*0201;HLA-A*0296;HLA-A*0266;HLA-A*0297;HLA-A*9221;HLA-A*9240;HLA-A*9234;HLA-A*0275;HLA-A*9299;HLA-A*0209
3FQR	YLDSGIHSGA	HLA-A*0201
3FQT	GLLGSPVRA	HLA-A*9232;HLA-A*0289;HLA-A*0201;HLA-A*0296;HLA-A*0266;HLA-A*0297;HLA-A*9221;HLA-A*9240;HLA-A*9234;HLA-A*0275;HLA-A*9299;HLA-A*0209
3FQU	GLLGSPVRA	HLA-A*9232;HLA-A*0289;HLA-A*0201;HLA-A*0296;HLA-A*0266;HLA-A*0297;HLA-A*9221;HLA-A*9240;HLA-A*9234;HLA-A*0275;HLA-A*9299;HLA-A*0209
3FQW	RVASPTSGV	HLA-A*0296;HLA-A*9221;HLA-A*0201
3FQX	RVASPTSGV	HLA-A*9232;HLA-A*0289;HLA-A*0201;HLA-A*0296;HLA-A*0266;HLA-A*0297;HLA-A*9221;HLA-A*9240;HLA-A*9234;HLA-A*0275;HLA-A*9299;HLA-A*0209
3FT3	VLHDDLLEA	HLA-A*0201
3FT4	VLRDDLLEA	HLA-A*0201
3FTG	ASAENMETM	H2-D1b
3GIV	SLFNTVATLY	HLA-A*0296;HLA-A*9221;HLA-A*0201
3GJF	SLLMWITQV	HLA-A*0201
3GJG	SLLMWITQV	HLA-A*0201
3GSN	NLVPMVATV	HLA-A*0201
3GSO	NLVPMVATV	HLA-A*0201
3GSQ	NLVPSVATV	HLA-A*0201
3GSR	NLVPVVATV	HLA-A*0201
3GSU	NLVPTVATV	HLA-A*0201
3GSV	NLVPQVATV	HLA-A*0201
3GSW	NLVPMVAAV	HLA-A*0201
3H7B	MLWGYLQYV	HLA-A*0296;HLA-A*9221;HLA-A*0201
3H9H	MLWGYLQYV	HLA-A*0296;HLA-A*9221;HLA-A*0201
3H9S	MLWGYLQYV	HLA-A*9232;HLA-A*0289;HLA-A*0201;HLA-A*0296;HLA-A*0266;HLA-A*0297;HLA-A*9221;HLA-A*9240;HLA-A*9234;HLA-A*0275;HLA-A*9299;HLA-A*0209
3HAE	SLLMWITQV	HLA-A*9232;HLA-A*0289;HLA-A*0201;HLA-A*0296;HLA-A*0266;HLA-A*0297;HLA-A*9221;HLA-A*9240;HLA-A*9234;HLA-A*0275;HLA-A*9299;HLA-A*0209
3HG1	ELAGIGILTV	HLA-A*0296;HLA-A*9221;HLA-A*0201
3HPJ	RMFPNAPYL	HLA-A*0296;HLA-A*9221;HLA-A*0201
3I6G	GLMWLSYFV	HLA-A*0296;HLA-A*9221;HLA-A*0201
3I6K	TLACFVLAAV	HLA-A*0296;HLA-A*9221;HLA-A*0201
3I6L	QFKDNVILL	HLA-A*2402
3IXA	LLFGYPVYV	HLA-A*0296;HLA-A*9221;HLA-A*0201
3JTS	GSENLKSLY	MH1-A*02
3JTT	YTSGPGIRY	MH1-A*02
3KLA	SLLMWITQL	HLA-A*0296;HLA-A*9221;HLA-A*0201
3KPL	EEYLQAFTY	HLA-B*4402
3KPM	EEYLKAWTF	HLA-B*4402
3KPN	EEYLQAFTY	HLA-B*4403
3KPO	EEYLKAWTF	HLA-B*4403
3KPP	EEYLQAFTY	HLA-B*4405
3KPQ	EEYLKAWTF	HLA-B*4405
3KPR	EEYLKAWTF	HLA-B*4405
3KPS	EEYLQAFTY	HLA-B*4405
3KWW	LPEPLPQGQLTAY	HLA-B*3508
3KXF	LPEPLPQGQLTAY	HLA-B*3578
3KYN	KGPPAALTL	HLA-G*0104
3KYO	KLPAQFYIL	HLA-G*0104
3L3D	EEAGRAFSF	HLA-B*4402
3L3G	EEFGAAFSF	HLA-B*4466;HLA-B*4402;HLA-B*4427
3L3H	SSLENARAYV	H2-D1b
3L3I	EEFGRAASF	HLA-B*4402
3L3J	EEAGAAFSF	HLA-B*4402
3L3K	EEFGAAASF	HLA-B*4402
3LKN	LPFERATIM	HLA-B*3542;HLA-B*3501
3LKO	LPFDRTTIM	HLA-B*3542;HLA-B*3501
3LKP	LPFDKSTIM	HLA-B*3542;HLA-B*3501
3LKQ	LPFDKTTIM	HLA-B*3542;HLA-B*3501
3LKR	LPFERATVM	HLA-B*3542;HLA-B*3501
3LKS	LPFEKSTVM	HLA-B*3542;HLA-B*3501
3LN4	AEMYPSPL	HLA-B*4103
3LN5	HEEAVSVDRVL	HLA-B*4104
3LV3	SRRWRRWNR	HLA-B*2713;HLA-B*2705
3MGO	RLYQNPTTYI	HLA-A*0296;HLA-A*9221;HLA-A*0201
3MGT	KLYQNPTTYI	HLA-A*0296;HLA-A*9221;HLA-A*0201
3MR9	NLVPAVATV	HLA-A*0201
3MRB	NLVPMVHTV	HLA-A*0201
3MRC	NLVPMCATV	HLA-A*0201
3MRD	NLVPMGATV	HLA-A*0201
3MRE	GLCTLVAML	HLA-A*0201
3MRF	GLCPLVAML	HLA-A*0201
3MRG	CINGVCWTV	HLA-A*0201
3MRH	CISGVCWTV	HLA-A*0201
3MRI	CINMWCWTV	HLA-A*0201
3MRJ	CINGMCWTV	HLA-A*0201
3MRK	PLFQVPEPV	HLA-A*0201
3MRL	CINGVVWTV	HLA-A*0201
3MRM	KLVALGINAV	HLA-A*0201
3MRN	LLFNILGGWV	HLA-A*0201
3MRO	ELAGWGILTV	HLA-A*0201
3MRP	ELAGLGINTV	HLA-A*0201
3MRQ	ELAGLGINTV	HLA-A*0201
3MRR	LLAGIGTVPI	HLA-A*0201
3MV7	HPVGEADYFEY	HLA-B*3542;HLA-B*3501;HLA-B*3557;HLA-B*3594
3MV8	HPVGEADYFEY	HLA-B*3542;HLA-B*3501;HLA-B*3557;HLA-B*3594
3MV9	HPVGEADYFEY	HLA-B*3542;HLA-B*3501;HLA-B*3557;HLA-B*3594
3MYJ	YMFPNAPYL	HLA-A*0201
3NFJ	RYPLTFGWCF	HLA-A*2402
3NFN	RYPLTFGWCF	HLA-A*2402
3O4L	GLCTLVAML	HLA-A*9232;HLA-A*0289;HLA-A*0201;HLA-A*0296;HLA-A*0266;HLA-A*0297;HLA-A*9221;HLA-A*9240;HLA-A*9234;HLA-A*0275;HLA-A*9299;HLA-A*0209
3OX8	FLPSDFFPSV	HLA-A*0203
3OXR	FLPSDFFPSV	HLA-A*0206
3OXS	FLPSDFFPSV	HLA-A*0207
3P4M	YTVKYPNL	MH1-K1b
3P4N	YTVKFPNM	MH1-K1b
3P4O	YTAKYPNL	MH1-K1b
3P9L	SIINFEKL	MH1-K1b
3P9M	SIIGFEKL	MH1-K1b
3PAB	EIINFEKL	MH1-K1b
3PQY	SSLENFRAYV	H2-D1b
3PWJ	LLYGFVNYV	HLA-A*0201
3PWL	LGYGFVNYI	HLA-A*0201
3PWN	LLYGFVNYI	HLA-A*0201
3PWP	LGYGFVNYI	HLA-A*9232;HLA-A*0289;HLA-A*0201;HLA-A*0296;HLA-A*0266;HLA-A*0297;HLA-A*9221;HLA-A*9240;HLA-A*9234;HLA-A*0275;HLA-A*9299;HLA-A*0209
3PWU	IPAYGVLTI	MH1-N*01802
3PWV	IPAYGVLTI	MH1-N*01802
3QDG	ELAGIGILTV	HLA-A*9232;HLA-A*0289;HLA-A*0201;HLA-A*0296;HLA-A*0266;HLA-A*0297;HLA-A*9221;HLA-A*9240;HLA-A*9234;HLA-A*0275;HLA-A*9299;HLA-A*0209
3QDJ	AAGIGILTV	HLA-A*9232;HLA-A*0289;HLA-A*0201;HLA-A*0296;HLA-A*0266;HLA-A*0297;HLA-A*9221;HLA-A*9240;HLA-A*9234;HLA-A*0275;HLA-A*9299;HLA-A*0209
3QDM	ELAGIGILTV	HLA-A*0296;HLA-A*9221;HLA-A*0201
3QEQ	AAGIGILTV	HLA-A*0296;HLA-A*9221;HLA-A*0201
3QFD	AAGIGILTV	HLA-A*0296;HLA-A*9221;HLA-A*0201
3QFJ	LLFGFPVYV	HLA-A*9232;HLA-A*0289;HLA-A*0201;HLA-A*0296;HLA-A*0266;HLA-A*0297;HLA-A*9221;HLA-A*9240;HLA-A*9234;HLA-A*0275;HLA-A*9299;HLA-A*0209
3QQ3	NSDTVGWSW	MH1*0401
3QQ4	ATAAATEAY	MH1*0401
3QUK	KAVANFATM	H2-D1b
3QUL	KAVSNFATM	H2-D1b
3QZW	RYPLTFGWCF	HLA-A*2402
3REW	CLGGLLTMV	HLA-A*0201
3RGV	WIYVYRPMGCGGS	MH1-K1b
3RL1	AIFQSSMTK	HLA-A*0301
3RL2	QVPLRPMTYK	HLA-A*0301
3ROO	AVYNFATM	MH1-K1b
3RWC	IRYPKTFGW	MH1-A*02
3RWD	IRYPKTFGWLW	MH1-A*02
3RWE	FQWMGYELW	MH1-A*02
3RWF	QTSQWDDPW	MH1-A*02
3RWG	MHPAQTSQW	MH1-A*02
3RWH	MRHVLEPF	MH1-A*02
3RWI	GSHLEVQGYW	MH1-A*02
3RWJ	HLEVQGYW	MH1-A*02
3SJV	FLRGRAYGL	HLA-B*0818;HLA-B*0839;HLA-B*0801
3SKM	FLRGRAYVL	HLA-B*0801
3SKO	FLRGRAYGL	HLA-B*0801
3SPV	RAKFKQLL	HLA-B*0801
3TBS	KAPANFATM	H2-D1b
3TBT	KAPSNFATM	H2-D1b
3TBV	KGPANFATM	H2-D1b
3TBW	KGPSNFATM	H2-D1b
3TBY	KAPFNFATM	H2-D1b
3TID	AVYNFATM	MH1-K1b
3TIE	AIVNYANL	MH1-K1b
3TO2	LACFVLAAV	HLA-A*0296;HLA-A*9221;HLA-A*0201
3UTQ	ALWGPDPAAA	HLA-A*0296;HLA-A*9221;HLA-A*0201
3UTS	ALWGPDPAAA	HLA-A*9232;HLA-A*0289;HLA-A*0201;HLA-A*0296;HLA-A*0266;HLA-A*0297;HLA-A*9221;HLA-A*9240;HLA-A*9234;HLA-A*0275;HLA-A*9299;HLA-A*0209
3UTT	ALWGPDPAAA	HLA-A*9232;HLA-A*0289;HLA-A*0201;HLA-A*0296;HLA-A*0266;HLA-A*0297;HLA-A*9221;HLA-A*9240;HLA-A*9234;HLA-A*0275;HLA-A*9299;HLA-A*0209
3V5D	KVAELVHFL	HLA-A*0296;HLA-A*9221;HLA-A*0201
3V5H	KVAEIVHFL	HLA-A*0296;HLA-A*9221;HLA-A*0201
3V5K	KVAELVWFL	HLA-A*0296;HLA-A*9221;HLA-A*0201
3VCL	RPHERNGFTVL	HLA-B*0702
3VFM	LPEPLPQGQLTAY	HLA-B*3508
3VFN	LPEPLPQGQLTAY	HLA-B*3508
3VFO	LPEPLPQGQLTAY	HLA-B*3508
3VFP	LPEPLPQGQLTAY	HLA-B*3508
3VFR	LPEALPQGQLTAY	HLA-B*3508
3VFS	LPEPAPQGQLTAY	HLA-B*3508
3VFT	LPEPLAQGQLTAY	HLA-B*3508
3VFU	LPEPLPAGQLTAY	HLA-B*3508
3VFV	LPEPLPQGALTAY	HLA-B*3508
3VFW	LPEPLPQGQATAY	HLA-B*3508
3VH8	LSSPVTKSF	HLA-B*5701
3VJ6	AMAPRTLLL	H2-T23*02
3VRI	RVAQLEQVYI	HLA-B*5701
3VRJ	LTTKLTNTNI	HLA-B*5701
3VXM	RFPLTFGWCF	HLA-A*2402;HLA-A*2476;HLA-A*2479
3VXN	RYPLTFGWCF	HLA-A*2402;HLA-A*2476;HLA-A*2479
3VXO	RFPLTFGWCF	HLA-A*2402;HLA-A*2476;HLA-A*2479
3VXP	RYPLTLGWCF	HLA-A*2402;HLA-A*2476;HLA-A*2479
3VXR	RYPLTFGWCF	HLA-A*2402;HLA-A*2476;HLA-A*2479
3VXS	RYPLTLGWCF	HLA-A*2402;HLA-A*2476;HLA-A*2479
3VXU	RFPLTFGWCF	HLA-A*2402;HLA-A*2476;HLA-A*2479
3W0W	RFPLTFGWCF	HLA-A*2402;HLA-A*2476;HLA-A*2479
3W39	TAFTIPSI	HLA-B*5201
3WL9	NYTPGPGIRF	HLA-A*2402;HLA-A*2476;HLA-A*2479
3WLB	NYTPGPGTRF	HLA-A*2402;HLA-A*2476;HLA-A*2479
3WS3	YQLENYCGL	H2-D1b
3WS6	YAIENYLEL	H2-D1b
3WUW	LSSPVTKSF	HLA-B*5701
3X11	LSSPVTKSF	HLA-B*5712
3X12	LSSPVTKSF	HLA-B*5701;HLA-B*5729
3X13	FLRGRAYGL	HLA-B*0818;HLA-B*0839;HLA-B*0801
3X14	FLRGRAYGL	HLA-B*0852
4CVX	YPYLGPNTL	MH1-B*2401
4CVZ	YELDEKFDRL	MH1-B*2101
4CW1	SWFRKPMTR	MH1-B*2401
4D0B	TAGQEDYDRL	MH1-B*2101
4D0C	TAGQSNYDRL	MH1-B*2101
4D0D	VIFPAKSL	MH1-B*2401
4E0R	IDWFDGKE	MH1-B*2401
4E5X	LLFGYPVYV	HLA-A*0296;HLA-A*9221;HLA-A*0201
4EUP	ALGIGILTV	HLA-A*9232;HLA-A*0289;HLA-A*0201;HLA-A*0296;HLA-A*0266;HLA-A*0297;HLA-A*9221;HLA-A*9240;HLA-A*9234;HLA-A*0275;HLA-A*9299;HLA-A*0209
4EUQ	EAAGIGILTV	HLA-A*9232;HLA-A*0289;HLA-A*0201;HLA-A*0296;HLA-A*0266;HLA-A*0297;HLA-A*9221;HLA-A*9240;HLA-A*9234;HLA-A*0275;HLA-A*9299;HLA-A*0209
4F7M	LYASPQLEGF	HLA-A*2402
4F7T	RYGFVANF	HLA-A*2402
4FTV	LLFGYPVYV	HLA-A*9232;HLA-A*0289;HLA-A*0201;HLA-A*0296;HLA-A*0266;HLA-A*0297;HLA-A*9221;HLA-A*9240;HLA-A*9234;HLA-A*0275;HLA-A*9299;HLA-A*0209
4G42	IDWFDGKD	MH1-B*2401
4G43	IDWFEGKE	MH1-B*2401
4G8G	KRWIILGLNK	HLA-B*2713;HLA-B*2705
4G8I	KRWIIMGLNK	HLA-B*2713;HLA-B*2705
4G9D	KRWIILGLNK	HLA-B*2713;HLA-B*2705
4G9F	KRWIIMGLNK	HLA-B*2713;HLA-B*2705
4GKN	FATGIGIITV	HLA-A*0296;HLA-A*9221;HLA-A*0201
4GKS	FLTGIGIITV	HLA-A*0296;HLA-A*9221;HLA-A*0201
4HKJ	SIINFEKL	MH1-K1b
4HS3	AVYNFATM	MH1-K1b
4HUU	ASNENIETM	H2-D1b
4HUV	ASNENWETM	H2-D1b
4HUW	ASNENTETM	H2-D1b
4HUX	ASNENMETM	H2-D1b
4HV8	ASNENIETM	H2-D1b
4HWZ	AIFQSSMTK	HLA-A*6833;HLA-A*6801
4HX1	SVYDFFVWL	HLA-C*1510
4I48	TLTSCNTSV	HLA-C*1510
4I4W	ILAKFLHRL	HLA-A*9232;HLA-A*0289;HLA-A*0201;HLA-A*0296;HLA-A*0266;HLA-A*0297;HLA-A*9221;HLA-A*9240;HLA-A*9234;HLA-A*0275;HLA-A*9299;HLA-A*0209
4IHO	EGPRNQDWL	H2-D1b
4JFD	ELAAIGILTV	HLA-A*9232;HLA-A*0289;HLA-A*0201;HLA-A*0296;HLA-A*0266;HLA-A*0297;HLA-A*9221;HLA-A*9240;HLA-A*9234;HLA-A*0275;HLA-A*9299;HLA-A*0209
4JFE	ELAGIGALTV	HLA-A*9232;HLA-A*0289;HLA-A*0201;HLA-A*0296;HLA-A*0266;HLA-A*0297;HLA-A*9221;HLA-A*9240;HLA-A*9234;HLA-A*0275;HLA-A*9299;HLA-A*0209
4JFF	ELAGIGILTV	HLA-A*9232;HLA-A*0289;HLA-A*0201;HLA-A*0296;HLA-A*0266;HLA-A*0297;HLA-A*9221;HLA-A*9240;HLA-A*9234;HLA-A*0275;HLA-A*9299;HLA-A*0209
4JFO	ALAGIGILTV	HLA-A*9232;HLA-A*0289;HLA-A*0201;HLA-A*0296;HLA-A*0266;HLA-A*0297;HLA-A*9221;HLA-A*9240;HLA-A*9234;HLA-A*0275;HLA-A*9299;HLA-A*0209
4JFP	ELAAIGILTV	HLA-A*9232;HLA-A*0289;HLA-A*0201;HLA-A*0296;HLA-A*0266;HLA-A*0297;HLA-A*9221;HLA-A*9240;HLA-A*9234;HLA-A*0275;HLA-A*9299;HLA-A*0209
4JFQ	ELAGIGIATV	HLA-A*9232;HLA-A*0289;HLA-A*0201;HLA-A*0296;HLA-A*0266;HLA-A*0297;HLA-A*9221;HLA-A*9240;HLA-A*9234;HLA-A*0275;HLA-A*9299;HLA-A*0209
4JQV	SELEIKRY	HLA-B*1801
4JQX	EECDSELEIKRY	HLA-B*4403
4JRX	LPEPLPQGQLTAY	HLA-B*3508
4JRY	LPEPLPQGQLTAY	HLA-B*3508
4K7F	VCWGELMNL	HLA-A*9232;HLA-A*0289;HLA-A*0201;HLA-A*0296;HLA-A*0266;HLA-A*0297;HLA-A*9221;HLA-A*9240;HLA-A*9234;HLA-A*0275;HLA-A*9299;HLA-A*0209
4L3E	ELAGIGILTV	HLA-A*9232;HLA-A*0289;HLA-A*0201;HLA-A*0296;HLA-A*0266;HLA-A*0297;HLA-A*9221;HLA-A*9240;HLA-A*9234;HLA-A*0275;HLA-A*9299;HLA-A*0209
4L8B	ASNEHMETM	H2-D1b
4L8C	ASDENMETM	H2-D1b
4L8D	ASNEDMETM	H2-D1b
4LCY	FTMRLLSPV	HLA-B*4601
4LNR	RPQVPLRPMTY	HLA-B*3542;HLA-B*3501;HLA-B*3557;HLA-B*3594
4MJ5	TIAMELIRMIK	HLA-A*1112;HLA-A*1132;HLA-A*1101
4MJ6	TMVMELIRMIK	HLA-A*1112;HLA-A*1132;HLA-A*1101
4MJI	TAFTIPSI	HLA-B*5130;HLA-B*5132;HLA-B*5101;HLA-B*5151;HLA-B*5176;HLA-B*5148
4MNQ	ILAKFLHWL	HLA-A*9232;HLA-A*0289;HLA-A*0201;HLA-A*0296;HLA-A*0266;HLA-A*0297;HLA-A*9221;HLA-A*9240;HLA-A*9234;HLA-A*0275;HLA-A*9299;HLA-A*0209
4N8V	MLIYSMWGK	HLA-A*1112;HLA-A*1132;HLA-A*1101
4NNX	RQASLSISV	HLA-A*9232;HLA-A*0289;HLA-A*0201;HLA-A*0296;HLA-A*0266;HLA-A*0297;HLA-A*9221;HLA-A*9240;HLA-A*9234;HLA-A*0275;HLA-A*9299;HLA-A*0209
4NNY	RQASLSISV	HLA-A*9232;HLA-A*0289;HLA-A*0201;HLA-A*0296;HLA-A*0266;HLA-A*0297;HLA-A*9221;HLA-A*9240;HLA-A*9234;HLA-A*0275;HLA-A*9299;HLA-A*0209
4NO0	RQASIELPSMAV	HLA-A*9232;HLA-A*0289;HLA-A*0201;HLA-A*0296;HLA-A*0266;HLA-A*0297;HLA-A*9221;HLA-A*9240;HLA-A*9234;HLA-A*0275;HLA-A*9299;HLA-A*0209
4NO2	RQASIELPSMAV	HLA-A*9232;HLA-A*0289;HLA-A*0201;HLA-A*0296;HLA-A*0266;HLA-A*0297;HLA-A*9221;HLA-A*9240;HLA-A*9234;HLA-A*0275;HLA-A*9299;HLA-A*0209
4NO3	RQISQDVKL	HLA-A*9232;HLA-A*0289;HLA-A*0201;HLA-A*0296;HLA-A*0266;HLA-A*0297;HLA-A*9221;HLA-A*9240;HLA-A*9234;HLA-A*0275;HLA-A*9299;HLA-A*0209
4NO5	RQISQDVKL	HLA-A*9232;HLA-A*0289;HLA-A*0201;HLA-A*0296;HLA-A*0266;HLA-A*0297;HLA-A*9221;HLA-A*9240;HLA-A*9234;HLA-A*0275;HLA-A*9299;HLA-A*0209
4NQV	CTELKLSDY	HLA-A*0137;HLA-A*0132;HLA-A*0145;HLA-A*0101
4NQX	CTELKLNDY	HLA-A*0137;HLA-A*0132;HLA-A*0145;HLA-A*0101
4NSK	KAPYNFATM	H2-D1b
4NT6	GILGFVFTL	HLA-C*0822;HLA-C*0801;HLA-C*0820;HLA-C*0824
4O2E	SHVAVENAL	HLA-B*3951;HLA-B*3901;HLA-B*3946
4O2F	HVAVENAL	HLA-B*3951;HLA-B*3901;HLA-B*3946
4PG2	CSLWNGPHL	H2-D1b
4PG9	FAPGNYPAL	MH1-K1b
4PGB	FAPGNWPAL	MH1-K1b
4PGD	FAPGNYPAF	MH1-K1b
4PGE	FAPGNYPAW	MH1-K1b
4PR5	HPVGDADYFEY	HLA-B*3542;HLA-B*3501;HLA-B*3557;HLA-B*3594
4PRA	HPVGQADYFEY	HLA-B*3542;HLA-B*3501;HLA-B*3557;HLA-B*3594
4PRB	HPVAEADYFEY	HLA-B*3508
4PRD	HPVGDADYFEY	HLA-B*3508
4PRE	HPVGQADYFEY	HLA-B*3508
4PRH	HPVGDADYFEY	HLA-B*3508
4PRI	HPVGEADYFEY	HLA-B*3508
4PRN	HPVAEADYFEY	HLA-B*3542;HLA-B*3501;HLA-B*3557;HLA-B*3594
4PRP	HPVGQADYFEY	HLA-B*3542;HLA-B*3501;HLA-B*3557;HLA-B*3594
4QOK	EAAGIGILTV	HLA-A*9232;HLA-A*0289;HLA-A*0201;HLA-A*0296;HLA-A*0266;HLA-A*0297;HLA-A*9221;HLA-A*9240;HLA-A*9234;HLA-A*0275;HLA-A*9299;HLA-A*0209
4QRP	HSKKKCDEL	HLA-B*0818;HLA-B*0839;HLA-B*0801
4QRQ	HSKKKCDEL	HLA-B*0818;HLA-B*0839;HLA-B*0801
4QRR	IPSINVHHY	HLA-B*3542;HLA-B*3501;HLA-B*3557;HLA-B*3594
4QRS	ELKRKMIYM	HLA-B*0818;HLA-B*0839;HLA-B*0801
4QRT	ELNRKMIYM	HLA-B*0801
4QRU	ELRRKMMYM	HLA-B*0801
4U1H	TPQDLNTML	HLA-B*0782;HLA-B*0759;HLA-B*0761;HLA-B*0702;HLA-B*0793;HLA-B*0758;HLA-B*0744
4U1I	TPQDLNTML	HLA-B*8102;HLA-B*8103;HLA-B*8101
4U1J	TPQDLNTML	HLA-B*4201
4U1K	RPQVPLRPM	HLA-B*0782;HLA-B*0759;HLA-B*0761;HLA-B*0702;HLA-B*0793;HLA-B*0758;HLA-B*0744
4U1L	RPQVPLRPM	HLA-B*8102;HLA-B*8103;HLA-B*8101
4U1M	RPQVPLRPM	HLA-B*4201
4U1N	RPQVPLRPM	HLA-B*4202
4U1S	FPRPWLHGL	HLA-B*8102;HLA-B*8103;HLA-B*8101
4U6X	ALQDAKEYFI	HLA-A*9232;HLA-A*0289;HLA-A*0201;HLA-A*0296;HLA-A*0266;HLA-A*0297;HLA-A*9221;HLA-A*9240;HLA-A*9234;HLA-A*0275;HLA-A*9299;HLA-A*0209
4U6Y	FLNKDLEVDGHFVTM	HLA-A*9232;HLA-A*0289;HLA-A*0201;HLA-A*0296;HLA-A*0266;HLA-A*0297;HLA-A*9221;HLA-A*9240;HLA-A*9234;HLA-A*0275;HLA-A*9299;HLA-A*0209
4WDI	LYLVCGERG	MH1-K1*02
4WU5	RYPLTFGW	HLA-A*2402;HLA-A*2476;HLA-A*2479
4WU7	RFPLTFGW	HLA-A*2402;HLA-A*2476;HLA-A*2479
4WUU	RMFPNAPYL	HLA-A*9232;HLA-A*0289;HLA-A*0201;HLA-A*0266;HLA-A*9234;HLA-A*0209
4XXC	DELEIKAY	HLA-B*1801
4Z76	LYLVCGERV	MH1-K1*02
4Z77	LYLVCGERV	MH1-K1*02
4ZEZ	KLVALVINAV	HLA-A*9232;HLA-A*0289;HLA-A*0201;HLA-A*0266;HLA-A*9234;HLA-A*0209
4ZUS	QAEVLQERLEW	MH1-N*00602
4ZUT	GSQKLTTGNCNW	MH1-N*00602
4ZUU	CTSEEMNAF	MH1-N*00602
4ZUV	RVEDVTNTAEYW	MH1-N*00602
4ZUW	GSQKLTTGNCNW	MH1-N*00602
5ACZ	GRAEEYGADTL	MH1-B*2101
5AD0	GHAEEYGADTL	MH1-B*2101
5B38	LSSPVTKSF	HLA-B*5701
5B39	LSSPVTKSF	HLA-B*5701
5BRZ	EVDPIGHLY	HLA-A*0101
5BS0	ESDPIVAQY	HLA-A*0101
5C07	YQFGPDFPIA	HLA-A*0201
5C08	RQWGPDPAAV	HLA-A*0201
5C09	YLGGPDFPTI	HLA-A*0201
5C0A	MVWGPDPLYV	HLA-A*0201
5C0B	RQFGPDFPTI	HLA-A*0201
5C0C	RQFGPDWIVA	HLA-A*0201
5C0D	AQWGPDPAAA	HLA-A*0201
5C0E	YQFGPDFPIA	HLA-A*0201
5C0F	RQWGPDPAAV	HLA-A*0201
5C0G	YLGGPDFPTI	HLA-A*0201
5C0H	YLGGPDFPTI	HLA-A*0201
5C0I	RQFGPDFPTI	HLA-A*0201
5C0J	RQFGPDWIVA	HLA-A*0201
5CNZ	FANFCLMMI	MH1-A*01
5D2L	NLVPMVATV	HLA-A*9232;HLA-A*0289;HLA-A*0201;HLA-A*0266;HLA-A*9234;HLA-A*0209
5D2N	NLVPMVATV	HLA-A*9232;HLA-A*0289;HLA-A*0201;HLA-A*0266;HLA-A*9234;HLA-A*0209
5D9S	FVLELEPEWTV	HLA-A*0201
5DDH	FVLELEPEWTVK	HLA-A*0201
5DEF	RRKWRRWHL	HLA-B*2704
5DEG	RRKWRRWHL	HLA-B*2706
5E00	GVWIRTPPA	HLA-A*9232;HLA-A*0289;HLA-A*0201;HLA-A*0266;HLA-A*9234;HLA-A*0209
5E8N	MCLRMTAVM	H2-D1b
5E9D	ELAGIGILTV	HLA-A*9232;HLA-A*0289;HLA-A*0201;HLA-A*0266;HLA-A*9234;HLA-A*0209
5ENW	GLKEGIPAL	HLA-A*9232;HLA-A*0289;HLA-A*0201;HLA-A*0266;HLA-A*9234;HLA-A*0209
5EO0	RPMTFKGAL	HLA-B*0702
5EO1	RPMTYKGAL	HLA-B*0702
5EOT	GLLPELPAVGG	HLA-A*9232;HLA-A*0289;HLA-A*0201;HLA-A*0266;HLA-A*0297;HLA-A*9240;HLA-A*9234;HLA-A*0275;HLA-A*0209
5EU3	YLEPGPVTA	HLA-A*9232;HLA-A*0289;HLA-A*0201;HLA-A*0266;HLA-A*9234;HLA-A*0209
5EU4	YLAPGPVTA	HLA-A*0201
5EU5	YLEPAPVTA	HLA-A*0201
5EU6	YLEPGPVTV	HLA-A*0201
5EUO	GILGFVFTL	HLA-A*9232;HLA-A*0289;HLA-A*0201;HLA-A*0266;HLA-A*9234;HLA-A*0209
5F1I	KLFSGELTK	HLA-A*0251;HLA-A*0210;HLA-A*0205;HLA-A*0257;HLA-A*0279;HLA-A*0206;HLA-A*0214
5F7D	GLKEGIPALD	HLA-A*9232;HLA-A*0289;HLA-A*0201;HLA-A*0266;HLA-A*0297;HLA-A*9240;HLA-A*9234;HLA-A*0275;HLA-A*0209
5F9J	YLSPIASPL	HLA-A*9232;HLA-A*0289;HLA-A*0201;HLA-A*0266;HLA-A*9234;HLA-A*0209
5FA3	GLLPELPAV	HLA-A*9232;HLA-A*0289;HLA-A*0201;HLA-A*0266;HLA-A*0297;HLA-A*9240;HLA-A*9234;HLA-A*0275;HLA-A*0209
5FDW	YLSPIASPLL	HLA-A*9232;HLA-A*0289;HLA-A*0201;HLA-A*0266;HLA-A*9234;HLA-A*0209
5GR7	YYSIIPHSI	HLA-C*1206;HLA-C*1607;HLA-C*1601;HLA-C*1214;HLA-C*1210;HLA-C*1218;HLA-C*0318;HLA-C*1213;HLA-C*0813;HLA-C*1211;HLA-C*1219;HLA-C*1208;HLA-C*1202;HLA-C*1215;HLA-C*1606;HLA-C*1604;HLA-C*1203
5GRD	SSCSSCPLSK	HLA-A*1101
5GSB	YYSIIPHSI	MH1-K1*02
5GSR	YYSIAPHSI	MH1-K1*02
5GSX	FYAPEPITSL	HLA-C*1206;HLA-C*1607;HLA-C*1601;HLA-C*1214;HLA-C*1210;HLA-C*1218;HLA-C*0318;HLA-C*1213;HLA-C*0813;HLA-C*1211;HLA-C*1219;HLA-C*1208;HLA-C*1202;HLA-C*1215;HLA-C*1606;HLA-C*1604;HLA-C*1203
5H5Z	FANFCLMMI	MH1-A*01
5H94	KMNTQFTAV	MH1*0401
5HGA	RFPLTFGW	HLA-A*2402
5HGB	RYPLTFGW	HLA-A*2402
5HGD	RFPLTFGWCF	HLA-A*2402
5HGH	RYPLTFGWCF	HLA-A*2402
5HHM	GILGLVFTL	HLA-A*0201
5HHN	GILGLVFTL	HLA-A*0201
5HHO	GILEFVFTL	HLA-A*0201
5HHP	GILEFVFTL	HLA-A*0201
5HHQ	GIWGFVFTL	HLA-A*0201
5HYJ	AQWGPDPAAA	HLA-A*0201
5IB1	RRKWRRWHL	HLA-B*2713;HLA-B*2705
5IB2	RRKWRRWHL	HLA-B*2713;HLA-B*2705
5IB3	RRKWRRWHL	HLA-B*2713;HLA-B*2705
5IB4	RRKWRRWHL	HLA-B*2713;HLA-B*2705
5IB5	RRKWRRWHL	HLA-B*2709
5IEH	REFSKEPEL	HLA-B*4002;HLA-B*4056;HLA-B*4097
5IEK	REFSKEPEL	HLA-B*4002;HLA-B*4097
5IM7	QASQEVKNW	HLA-C*1510
5INC	QATQEVKNW	HLA-C*1510
5IND	QASQDVKNW	HLA-C*1510
5IRO	LLFGYPVYV	HLA-A*0201
5ISZ	GILGFVFTL	HLA-A*9232;HLA-A*0289;HLA-A*0201;HLA-A*0266;HLA-A*9234;HLA-A*0209
5IVX	RGPGRAFVTI	H2-D1*02
5J6G	VGITNVDL	H2-Q10*02
5J6H	VGITNVDL	H2-Q10*02
5JHD	GILGFVFTL	HLA-A*9232;HLA-A*0289;HLA-A*0201;HLA-A*0266;HLA-A*9234;HLA-A*0209
5JWD	WLVTNGSYL	H2-D1b
5JWE	CSANNSHHYI	H2-D1b
5JZI	KLVALGINAV	HLA-A*9232;HLA-A*0289;HLA-A*0201;HLA-A*0266;HLA-A*9234;HLA-A*0209
5KD4	IGPGRAFYVI	H2-D1*02
5KD7	IGPGRAFYV	H2-D1*02
5M00	KAVANFATM	H2-D1b
5M01	KAPANFATM	H2-D1b
5M02	KAPFNFATM	H2-D1b
5MEO	ILGKFLHRL	HLA-A*9232;HLA-A*0289;HLA-A*0201;HLA-A*0266;HLA-A*9234;HLA-A*0209
5MEP	ILGKFLHWL	HLA-A*9232;HLA-A*0289;HLA-A*0201;HLA-A*0266;HLA-A*9234;HLA-A*0209
5MER	ILAKFLHEL	HLA-A*9232;HLA-A*0289;HLA-A*0201;HLA-A*0266;HLA-A*9234;HLA-A*0209
5MZM	MCPRMTAVM	H2-D1b
5N1Y	MVWGPDPLYV	HLA-A*9232;HLA-A*0289;HLA-A*0201;HLA-A*0266;HLA-A*9234;HLA-A*0209
5N6B	LLWNGPMAV	HLA-A*9232;HLA-A*0289;HLA-A*0201;HLA-A*0266;HLA-A*9234;HLA-A*0209
5NHT	ELAGIGILTV	HLA-A*9232;HLA-A*0289;HLA-A*0201;HLA-A*0266;HLA-A*9234;HLA-A*0209
5NME	SLYNTVATL	HLA-A*9232;HLA-A*0289;HLA-A*0201;HLA-A*0266;HLA-A*9234;HLA-A*0209
5NMF	SLYNTIATL	HLA-A*9232;HLA-A*0289;HLA-A*0201;HLA-A*0266;HLA-A*9234;HLA-A*0209
5NMG	SLFNTIAVL	HLA-A*9232;HLA-A*0289;HLA-A*0201;HLA-A*0266;HLA-A*9234;HLA-A*0209
5NMH	SLYNTIATL	HLA-A*9232;HLA-A*0289;HLA-A*0201;HLA-A*0266;HLA-A*9234;HLA-A*0209
5NMK	SLFNTIAVL	HLA-A*9232;HLA-A*0289;HLA-A*0201;HLA-A*0266;HLA-A*9234;HLA-A*0209
5NPZ	EFEDLTFLA	MH1*0401
5NQ0	DFEREGYSL	MH1*0401
5NQ1	DFEREGYSL	MH1*0401
5NQ2	IAYERMCNI	MH1*0401
5NQ3	EFEDLTFLA	MH1*0401
5NQK	ELAGIGILTV	HLA-A*9232;HLA-A*0289;HLA-A*0201;HLA-A*0266;HLA-A*9234;HLA-A*0209
5SWQ	CVNGSCFTV	HLA-A*9232;HLA-A*0289;HLA-A*0201;HLA-A*0266;HLA-A*9234;HLA-A*0209
5SWS	ASNENMETM	H2-D1b
5SWZ	ASNENMETM	H2-D1b
5T6W	SSTRGISQLW	HLA-C*1510
5T6X	TSTTSVASSW	HLA-C*1510
5T6Y	TSTFEDVKILAF	HLA-C*1510
5T6Z	TSTLQEQIGW	HLA-C*1510
5T70	TSNLQEQIGW	HLA-C*1510
5T7G	IGPGRAFYT	H2-D1*02
5TEZ	GILGFVFTL	HLA-A*9232;HLA-A*0289;HLA-A*0201;HLA-A*0266;HLA-A*9234;HLA-A*0209
5TIL	KAPYNFATM	H2-D1b
5TJE	KAVYNFATM	H2-D1b
5TRZ	YQSGLSIVM	MH1-K1*02
5TXS	AQDIYRASY	HLA-B*1501;HLA-B*9546
5U98	VTTDIQVKV	HLA-C*1510
5V5L	TSTLQEQIGW	HLA-C*1510
5V5M	TSTLQEQIGW	HLA-C*1510
5VCL	AMAPRTLLL	H2-T23*02
5VGD	SAEPVPLQL	HLA-C*0503;HLA-C*0501;HLA-C*0537
5VGE	RYRPGTVAL	HLA-C*0766;HLA-C*0750;HLA-C*0702;HLA-C*0774
5VUD	LSSPVTKSW	HLA-C*1510
5VUE	LTVQVARVW	HLA-C*1510
5VUF	LTVQVARVY	HLA-C*1510
5VVP	LSSPVTKSW	HLA-C*1510
5VWD	LTVQVARVW	HLA-C*1510
5VWF	LTVQVARVY	HLA-C*1510
5VWH	LSSPVTKSW	HLA-C*1510
5VWJ	LTVQVARVW	HLA-C*1510
5VZ5	AQDIYRASYY	HLA-C*1607;HLA-C*1601;HLA-C*0318;HLA-C*0813;HLA-C*1606;HLA-C*1604;HLA-C*1212
5W1V	VMAPRTLIL	HLA-C*0103;HLA-C*0106;HLA-C*0112;HLA-C*0113;HLA-C*0108;HLA-C*0102;HLA-C*0109;HLA-C*0110;HLA-C*0107;HLA-C*0105;HLA-C*0111;HLA-C*0104
5W69	ARFNDLRFV	HLA-C*0617;HLA-C*0602
5WEU	RGPGCAFVTI	H2-D1*02
5WJL	GTSGSPIVNR	HLA-C*1510
5WJN	GTSGSPIINR	HLA-C*1510
5WKF	GTSGSPIVNR	HLA-C*1510
5WKH	GTSGSPIINR	HLA-C*1510
5WLG	SQLLNAKYL	H2-D1b
5WLI	SQLLNAKYL	H2-D1b
5WMN	SPIVPSFDM	HLA-B*0702;HLA-B*0759;HLA-B*0744;HLA-B*0761
5WMO	RPPIFIRRL	HLA-B*0702;HLA-B*0759;HLA-B*0744;HLA-B*0761
5WMP	TPRVTGGGAM	HLA-B*0702;HLA-B*0759;HLA-B*0744;HLA-B*0761
5WMQ	ELRSRYWAI	HLA-B*0818;HLA-B*0832;HLA-B*0801
5WMR	QIKVRVDMV	HLA-B*0801
5WSH	GVWIRTPTA	HLA-A*9232;HLA-A*0289;HLA-A*0201;HLA-A*0266;HLA-A*9234;HLA-A*0209
5WWI	LYKKLKREMTF	HLA-A*2402;HLA-A*2479
5WWU	LYKKLKREITF	HLA-A*2402;HLA-A*2479
5WXD	LYKKLKREMTF	HLA-A*2402;HLA-A*2479
5XMF	RMANVSTGR	MH1-N*01802
5XMM	DMANVSTGR	MH1-N*01802
5XOS	IPLTEEAEL	HLA-C*1607;HLA-C*1601;HLA-C*0318;HLA-C*0813;HLA-C*1606;HLA-C*1604;HLA-C*1212
5XOT	IPLTEEAEL	HLA-C*1607;HLA-C*1601;HLA-C*0318;HLA-C*0813;HLA-C*1606;HLA-C*1604;HLA-C*1212
5XOV	RYPLTFGWCF	HLA-A*2402;HLA-A*2479
5XS3	VRSRRCLRL	HLA-C*0617;HLA-C*0602
5Y91	FANFCLMMI	MH1-A*01
5YLX	TMPPGFELY	MH1*0401
5YMV	AVKGVGTMV	MH1-B*2401
5YMW	LPACVLEV	MH1-B*2401
5YXN	KLVALGINAV	HLA-A*9232;HLA-A*0289;HLA-A*0201;HLA-A*0266;HLA-A*9234;HLA-A*0209
5YXU	KLVALGINAV	HLA-A*9232;HLA-A*0289;HLA-A*0201;HLA-A*0266;HLA-A*9234;HLA-A*0209
6A6H	MTAHIVVPY	MH1*0401
6AEE	RIIPRHLQL	HLA-G*0104
6AMT	MMWDRGLGMM	HLA-A*9232;HLA-A*0289;HLA-A*0201;HLA-A*0266;HLA-A*9234;HLA-A*0209
6AMU	MMWDRGLGMM	HLA-A*9232;HLA-A*0289;HLA-A*0201;HLA-A*0266;HLA-A*0297;HLA-A*9240;HLA-A*9234;HLA-A*0275;HLA-A*0209
6AT5	APRGPHGGAASGL	HLA-B*0702;HLA-B*0759;HLA-B*0744;HLA-B*0761
6AT9	AQDIYRASYY	HLA-C*1510
6AVF	APRGPHGGAASGL	HLA-B*0702;HLA-B*0759;HLA-B*0744;HLA-B*0761
6AVG	APRGPHGGAASGL	HLA-B*0702;HLA-B*0759;HLA-B*0744;HLA-B*0761
6BJ3	IPLTEEAEL	HLA-C*1607;HLA-C*1601;HLA-C*0318;HLA-C*0813;HLA-C*1606;HLA-C*1604;HLA-C*1212
6BJ8	VPLTEDAEL	HLA-C*1607;HLA-C*1601;HLA-C*0318;HLA-C*0813;HLA-C*1606;HLA-C*1604;HLA-C*1212
6BXQ	RVKEQHLW	HLA-B*5701
6D29	TSMSFVPRPW	HLA-B*5701
6D2B	LSDSTRDVTW	HLA-B*5701
6D2R	GSFDYSGVHLW	HLA-B*5701
6D2T	LALLTGVRW	HLA-B*5701
6D78	AAGIGILTV	H2-Q10*02
6DKP	ELAGIGILTV	HLA-A*9232;HLA-A*0289;HLA-A*0201;HLA-A*0266;HLA-A*9234;HLA-A*0209
6EQA	AAGIGILTV	HLA-A*9232;HLA-A*0289;HLA-A*0201;HLA-A*0266;HLA-A*9234;HLA-A*0209
6EQB	AAGIGILTV	HLA-A*9232;HLA-A*0289;HLA-A*0201;HLA-A*0266;HLA-A*9234;HLA-A*0209
6EWA	ILKEPVHGV	HLA-A*9232;HLA-A*0289;HLA-A*0201;HLA-A*0266;HLA-A*9234;HLA-A*0209
6EWC	RLSSPLHFV	HLA-A*9232;HLA-A*0289;HLA-A*0201;HLA-A*0266;HLA-A*9234;HLA-A*0209
6EWO	RTFSPTYGL	HLA-A*9232;HLA-A*0289;HLA-A*0201;HLA-A*0266;HLA-A*9234;HLA-A*0209
6G3J	MTSAIGILPV	HLA-A*9232;HLA-A*0289;HLA-A*0201;HLA-A*0266;HLA-A*9234;HLA-A*0209
6G3K	ITSGIGVLPV	HLA-A*9232;HLA-A*0289;HLA-A*0201;HLA-A*0266;HLA-A*9234;HLA-A*0209
6G9Q	KAPYDYAPI	H2-D1b
6G9R	KAPYDYAPI	H2-D1b
6GGM	RFPAKAPLL	HLA-C*0103;HLA-C*0106;HLA-C*0112;HLA-C*0113;HLA-C*0108;HLA-C*0102;HLA-C*0109;HLA-C*0110;HLA-C*0107;HLA-C*0105;HLA-C*0111;HLA-C*0104
6GH1	RLPAKAPLL	HLA-C*0103;HLA-C*0106;HLA-C*0112;HLA-C*0113;HLA-C*0108;HLA-C*0102;HLA-C*0109;HLA-C*0110;HLA-C*0107;HLA-C*0105;HLA-C*0111;HLA-C*0104
6GH4	RQPAKAPLL	HLA-C*0103;HLA-C*0106;HLA-C*0112;HLA-C*0113;HLA-C*0108;HLA-C*0102;HLA-C*0109;HLA-C*0110;HLA-C*0107;HLA-C*0105;HLA-C*0111;HLA-C*0104
6GHN	RLPAKAPLF	HLA-C*0103;HLA-C*0106;HLA-C*0112;HLA-C*0113;HLA-C*0108;HLA-C*0102;HLA-C*0109;HLA-C*0110;HLA-C*0107;HLA-C*0105;HLA-C*0111;HLA-C*0104
6GL1	RMYSPTSIL	HLA-C*0103;HLA-C*0106;HLA-C*0112;HLA-C*0113;HLA-C*0108;HLA-C*0102;HLA-C*0109;HLA-C*0110;HLA-C*0107;HLA-C*0105;HLA-C*0111;HLA-C*0104
6H6D	SGPSNTPPEI	H2-D1b
6H6H	SGPSNTPPEI	H2-D1b
6ID4	AIFQSSMTK	
6IEX	GETALALLLL	HLA-B*4001
6IRL	RREVHTYY	MH1-B*2101
6J1V	AIFQSSMTK	HLA-A*3003
6J1W	AIFQSSMTK	HLA-A*3001
6J29	QIMYNYPAM	HLA-A*3003
6J2A	CTELKLSDY	HLA-A*3003
6JOZ	ATIGTAMYK	
6JQ3	SIIVFNLL	MH1-K1b
6JTN	GADGVGKSAL	HLA-C*0802
6JTO	GADGVGKSAL	HLA-C*0503;HLA-C*0501;HLA-C*0537
6JTP	GADGVGKSA	HLA-C*0802
6K60	RIIPRHLQL	HLA-G*0106;HLA-G*0101;HLA-G*0108
6KWK	MTAHITVPY	MH1*0401
6KWL	MTAHITVPY	MH1*0401
6KWN	NSDTVGWSW	MH1*0401
6KWO	ESDTVGWSW	MH1*0401
6MPP	ILDTAGKEEY	HLA-C*1510
6MT3	FEDLRVLSF	HLA-B*1801
6MT4	FEDLRVSSF	HLA-B*3701
6MT5	FEDLRLLSF	HLA-B*3701
6MT6	FEDLRVLSF	HLA-B*3701
6MTL	FEDLRVLSF	HLA-C*1602;HLA-C*1510;HLA-C*1209;HLA-C*1205
6MTM	FEDLRVLSF	HLA-B*3701
6NF7	YLRYVGEYR	RT1-A
6NPR	RGPGRAFVTI	H2-D1*02
6O4Y	KLVVGAVGV	HLA-A*9232;HLA-A*0289;HLA-A*0201;HLA-A*0266;HLA-A*9234;HLA-A*0209
6O4Z	KLVVVAVGV	HLA-A*9232;HLA-A*0289;HLA-A*0201;HLA-A*0266;HLA-A*9234;HLA-A*0209
6O51	YLVVVGAVGV	HLA-A*9232;HLA-A*0289;HLA-A*0201;HLA-A*0266;HLA-A*9234;HLA-A*0209
6O53	KLVVVGAVGV	HLA-A*9232;HLA-A*0289;HLA-A*0201;HLA-A*0266;HLA-A*9234;HLA-A*0209
6O9B	TTAPSLSGK	HLA-A*0320;HLA-A*0345
6O9C	TTAPFLSGK	HLA-A*0320;HLA-A*0345
6OPD	ILNAMIVKI	HLA-A*9232;HLA-A*0289;HLA-A*0201;HLA-A*0266;HLA-A*9234;HLA-A*0209
6P23	AAAKKKYCL	HLA-B*0818;HLA-B*0801;HLA-B*0815
6P27	AAAKKKYCL	HLA-B*0818;HLA-B*0801;HLA-B*0815
6P2C	AAAKKKYCL	HLA-B*0818;HLA-B*0801;HLA-B*0815
6P2F	AAAKKGYCL	HLA-B*0818;HLA-B*0801;HLA-B*0815
6P2S	AAAKKKYCL	HLA-B*0818;HLA-B*0801;HLA-B*0815
6P64	KQWLVWLFL	HLA-A*0206
6PTB	ILNAMIAKI	HLA-A*9232;HLA-A*0289;HLA-A*0201;HLA-A*0266;HLA-A*9234;HLA-A*0209
6PTE	ILNAMITKI	HLA-A*9232;HLA-A*0289;HLA-A*0201;HLA-A*0266;HLA-A*9234;HLA-A*0209
6PYJ	LRNQSVFNF	HLA-B*2713;HLA-B*2705
6PYL	KRWIILGLNK	HLA-B*2703
6PYV	LRNQSVFNF	HLA-B*2703
6PYW	LRNQSVFNF	HLA-B*2713;HLA-B*2705
6PZ5	LRNQSVFNF	HLA-B*2703
6Q3S	SLLMWITQV	HLA-A*9232;HLA-A*0289;HLA-A*0201;HLA-A*0296;HLA-A*0266;HLA-A*0297;HLA-A*9221;HLA-A*9240;HLA-A*9234;HLA-A*0275;HLA-A*9299;HLA-A*0209
6R2L	SLSKILDTV	HLA-A*9232;HLA-A*0289;HLA-A*0201;HLA-A*0266;HLA-A*9234;HLA-A*0209
6RP9	SLLMWITQV	HLA-A*9232;HLA-A*0289;HLA-A*0201;HLA-A*0266;HLA-A*9234;HLA-A*0209
6RPA	SLLMWITQV	HLA-A*9232;HLA-A*0289;HLA-A*0201;HLA-A*0266;HLA-A*9234;HLA-A*0209
6RPB	SLLMWITQV	HLA-A*9232;HLA-A*0289;HLA-A*0201;HLA-A*0266;HLA-A*9234;HLA-A*0209
6RSY	RMFPNAPYL	HLA-A*9232;HLA-A*0289;HLA-A*0201;HLA-A*0266;HLA-A*9234;HLA-A*0209
6SS7	LLWAGPMAV	HLA-A*9232;HLA-A*0289;HLA-A*0201;HLA-A*0266;HLA-A*9234;HLA-A*0209
6SS8	LLWNGPIAV	HLA-A*9232;HLA-A*0289;HLA-A*0201;HLA-A*0266;HLA-A*9234;HLA-A*0209
6SS9	LLWNGPMHV	HLA-A*9232;HLA-A*0289;HLA-A*0201;HLA-A*0266;HLA-A*9234;HLA-A*0209
6SSA	LLWNGPMQV	HLA-A*9232;HLA-A*0289;HLA-A*0201;HLA-A*0266;HLA-A*9234;HLA-A*0209
6TMO	EAAGIGILTV	HLA-A*9232;HLA-A*0289;HLA-A*0201;HLA-A*0266;HLA-A*9234;HLA-A*0209
6TRN	AVYDGREHTV	HLA-A*9232;HLA-A*0289;HLA-A*0201;HLA-A*0266;HLA-A*9234;HLA-A*0209
6TRO	GVYDGREHTV	HLA-A*9232;HLA-A*0289;HLA-A*0201;HLA-A*0266;HLA-A*9234;HLA-A*0209
6UJO	KQWLVWLFL	HLA-A*0206
6UJQ	KQWLVWLLL	HLA-A*0206
6UK2	KQWLVWLLL	HLA-A*0206
6UK4	KQWLVWLFL	HLA-A*0206
6ULI	GADGVGKSA	HLA-C*0802
6ULK	GADGVGKSAL	HLA-C*0802
6ULN	GADGVGKSA	HLA-C*0802
6ULR	GADGVGKSA	HLA-C*0802
6UON	GADGVGKSAL	HLA-C*0802
6UZ1	LLFGYPVYV	HLA-A*9232;HLA-A*0289;HLA-A*0201;HLA-A*0266;HLA-A*9234;HLA-A*0209
6V2O	ASLNLPAVSW	HLA-C*1510
6V2P	ASLNLPAVSW	HLA-C*1510
6V2Q	LSSPVTKSF	HLA-C*1510
6V3J	LSSPVTKSF	HLA-C*1510
6VMX	RPPIFIRRL	HLA-B*0702;HLA-B*0759;HLA-B*0744;HLA-B*0761
6VR1	HMTEVVRRC	HLA-A*9232;HLA-A*0289;HLA-A*0201;HLA-A*0266;HLA-A*9234;HLA-A*0209
6VR5	HMTEVVRHC	HLA-A*9232;HLA-A*0289;HLA-A*0201;HLA-A*0266;HLA-A*9234;HLA-A*0209
6VRN	HMTEVVRHC	HLA-A*9232;HLA-A*0289;HLA-A*0201;HLA-A*0266;HLA-A*9234;HLA-A*0209
6WZY	SGPDNGAVAV	H2-D1b
6X00	SGPDNGAVAVL	H2-D1b
