ID	ERROR	ACTION
3BHB	SEP in Chain P #4	SEP changed to SER
4WJ5	multiple non-canonical peptides in Chain P #1,2,10	Removed from dataset
3BH8	SEP in Chain P #4	SEP changed to SER
3BH9	SEP in Chain P #4	SEP changed to SER
3FQR	SEP in Chain P #4	SEP changed to SER
3BGM	SEP in Chain P #4	SEP changed to SER
5W67	ABA in Chain P #6	Removed from dataset
4NO3	SEP in Chain P #4	SEP changed to SER
3FQX	SEP in Chain P #4	SEP changed to SER
3FT2	CIR in Chain P #3	Removed from dataset
6Q3K	ALA 1A and GLY 1 in Chain M	ALA 1A removed
3D39	PFF in Chain P #5	Removed from dataset
3FQU	SEP in Chain P #5	SEP changed to SER
